-- Admin (password: 123456, BCrypt encoded)
INSERT INTO sys_user (id, username, password, real_name, role, phone, gender) VALUES
(1, 'admin', '{SHA256}JPBQhbyzHu+3G5H65hHuOVAZzVXrgGMLfqPeghVYXB8=', '系统管理员', 0, '13800000000', 0);

-- Buildings (4栋: M01,M02男生 F01,F02女生)
INSERT INTO dorm_building (id, name, building_no, floors, building_type) VALUES
(1, '男生宿舍1栋', 'M01', 3, 0),
(2, '女生宿舍1栋', 'F01', 3, 1),
(3, '男生宿舍2栋', 'M02', 3, 0),
(4, '女生宿舍2栋', 'F02', 3, 1);

-- Rooms (24间: 每栋3层x2间)
INSERT INTO dorm_room (id, room_no, building_id, floor, total_beds, occupied_beds, status) VALUES
(1, '101', 1, 1, 6, 0, 0), (2, '102', 1, 1, 6, 0, 0),
(3, '201', 1, 2, 6, 0, 0), (4, '202', 1, 2, 6, 0, 0),
(5, '301', 1, 3, 6, 0, 0), (6, '302', 1, 3, 6, 0, 0),
(7, '101', 2, 1, 6, 0, 0), (8, '102', 2, 1, 6, 0, 0),
(9, '201', 2, 2, 6, 0, 0), (10, '202', 2, 2, 6, 0, 0),
(11, '301', 2, 3, 6, 0, 0), (12, '302', 2, 3, 6, 0, 0),
(13, '101', 3, 1, 6, 0, 0), (14, '102', 3, 1, 6, 0, 0),
(15, '201', 3, 2, 6, 0, 0), (16, '202', 3, 2, 6, 0, 0),
(17, '301', 3, 3, 6, 0, 0), (18, '302', 3, 3, 6, 0, 0),
(19, '101', 4, 1, 6, 0, 0), (20, '102', 4, 1, 6, 0, 0),
(21, '201', 4, 2, 6, 0, 0), (22, '202', 4, 2, 6, 0, 0),
(23, '301', 4, 3, 6, 0, 0), (24, '302', 4, 3, 6, 0, 0);

-- Beds (144张: 24间x6床, 每间A-F)
INSERT INTO dorm_bed (id, bed_no, room_id, status) VALUES
(1,'A',1,0),(2,'B',1,0),(3,'C',1,0),(4,'D',1,0),(5,'E',1,0),(6,'F',1,0),
(7,'A',2,0),(8,'B',2,0),(9,'C',2,0),(10,'D',2,0),(11,'E',2,0),(12,'F',2,0),
(13,'A',3,0),(14,'B',3,0),(15,'C',3,0),(16,'D',3,0),(17,'E',3,0),(18,'F',3,0),
(19,'A',4,0),(20,'B',4,0),(21,'C',4,0),(22,'D',4,0),(23,'E',4,0),(24,'F',4,0),
(25,'A',5,0),(26,'B',5,0),(27,'C',5,0),(28,'D',5,0),(29,'E',5,0),(30,'F',5,0),
(31,'A',6,0),(32,'B',6,0),(33,'C',6,0),(34,'D',6,0),(35,'E',6,0),(36,'F',6,0),
(37,'A',7,0),(38,'B',7,0),(39,'C',7,0),(40,'D',7,0),(41,'E',7,0),(42,'F',7,0),
(43,'A',8,0),(44,'B',8,0),(45,'C',8,0),(46,'D',8,0),(47,'E',8,0),(48,'F',8,0),
(49,'A',9,0),(50,'B',9,0),(51,'C',9,0),(52,'D',9,0),(53,'E',9,0),(54,'F',9,0),
(55,'A',10,0),(56,'B',10,0),(57,'C',10,0),(58,'D',10,0),(59,'E',10,0),(60,'F',10,0),
(61,'A',11,0),(62,'B',11,0),(63,'C',11,0),(64,'D',11,0),(65,'E',11,0),(66,'F',11,0),
(67,'A',12,0),(68,'B',12,0),(69,'C',12,0),(70,'D',12,0),(71,'E',12,0),(72,'F',12,0),
(73,'A',13,0),(74,'B',13,0),(75,'C',13,0),(76,'D',13,0),(77,'E',13,0),(78,'F',13,0),
(79,'A',14,0),(80,'B',14,0),(81,'C',14,0),(82,'D',14,0),(83,'E',14,0),(84,'F',14,0),
(85,'A',15,0),(86,'B',15,0),(87,'C',15,0),(88,'D',15,0),(89,'E',15,0),(90,'F',15,0),
(91,'A',16,0),(92,'B',16,0),(93,'C',16,0),(94,'D',16,0),(95,'E',16,0),(96,'F',16,0),
(97,'A',17,0),(98,'B',17,0),(99,'C',17,0),(100,'D',17,0),(101,'E',17,0),(102,'F',17,0),
(103,'A',18,0),(104,'B',18,0),(105,'C',18,0),(106,'D',18,0),(107,'E',18,0),(108,'F',18,0),
(109,'A',19,0),(110,'B',19,0),(111,'C',19,0),(112,'D',19,0),(113,'E',19,0),(114,'F',19,0),
(115,'A',20,0),(116,'B',20,0),(117,'C',20,0),(118,'D',20,0),(119,'E',20,0),(120,'F',20,0),
(121,'A',21,0),(122,'B',21,0),(123,'C',21,0),(124,'D',21,0),(125,'E',21,0),(126,'F',21,0),
(127,'A',22,0),(128,'B',22,0),(129,'C',22,0),(130,'D',22,0),(131,'E',22,0),(132,'F',22,0),
(133,'A',23,0),(134,'B',23,0),(135,'C',23,0),(136,'D',23,0),(137,'E',23,0),(138,'F',23,0),
(139,'A',24,0),(140,'B',24,0),(141,'C',24,0),(142,'D',24,0),(143,'E',24,0),(144,'F',24,0);